{
  "contacts": [
    {
      "contactId": "470",
      "name": {
        "display": "Dhaston Adp",
        "given": "Dhaston",
        "family": "Adp"
      },
      "phones": [
        {
          "type": "mobile",
          "isPrimary": false,
          "number": "+919502461076"
        },
        {
          "type": "mobile",
          "isPrimary": false,
          "number": "+919502461076"
        }
      ]
    },
    {
      "contactId": "591",
      "name": {
        "display": "Manish Ji CA",
        "given": "Manish",
        "middle": "Ji",
        "family": "CA"
      },
      "phones": [
        {
          "type": "mobile",
          "isPrimary": false,
          "number": "+91 93081 06238"
        },
        {
          "type": "mobile",
          "label": "Mobile",
          "isPrimary": false,
          "number": "+919308106238"
        }
      ]
    },
    {
      "contactId": "350",
      "name": {
        "display": "Manjusha Infi",
        "given": "Manjusha",
        "family": "Infi"
      },
      "phones": [
        {
          "type": "main",
          "isPrimary": false,
          "number": "+918179636090"
        },
        {
          "type": "main",
          "isPrimary": false,
          "number": "+918179636090"
        }
      ]
    },
    {
      "contactId": "471",
      "name": {
        "display": "Salon. Madhapur",
        "given": "Salon",
        "family": "Madhapur"
      },
      "phones": [
        {
          "type": "main",
          "isPrimary": false,
          "number": "6309858340"
        },
        {
          "type": "main",
          "isPrimary": false,
          "number": "6309858340"
        }
      ]
    },
    {
      "contactId": "472",
      "name": {
        "display": "Gajni Manish Pune",
        "given": "Gajni",
        "family": "Pune",
        "middle": "Manish"
      },
      "organization": {
        "company": "SMIT"
      },
      "phones": [
        {
          "type": "mobile",
          "isPrimary": false,
          "number": "+91 72192 19698"
        },
        {
          "type": "mobile",
          "isPrimary": false,
          "number": "+917219219698"
        }
      ]
    },
    {
      "contactId": "351",
      "name": {
        "display": "Water New Hafeezpet 1",
        "given": "Water New",
        "middle": "Hafeezpet",
        "family": "1"
      },
      "phones": [
        {
          "type": "mobile",
          "isPrimary": false,
          "number": "94497 45198"
        },
        {
          "type": "mobile",
          "isPrimary": false,
          "number": "9449745198"
        }
      ]
    },
    {
      "contactId": "352",
      "name": {
        "display": "Roshan Smit",
        "given": "Roshan",
        "family": "Smit"
      },
      "phones": [
        {
          "type": "mobile",
          "isPrimary": false,
          "number": "+91 88516 33715"
        },
        {
          "type": "mobile",
          "isPrimary": false,
          "number": "+918851633715"
        }
      ]
    },
    {
      "contactId": "473",
      "name": {
        "display": "Rajkumar Infi",
        "given": "Rajkumar",
        "family": "Infi"
      },
      "phones": [
        {
          "type": "main",
          "isPrimary": false,
          "number": "+919121601764"
        },
        {
          "type": "main",
          "isPrimary": false,
          "number": "+919121601764"
        }
      ]
    },
    {
      "contactId": "474",
      "name": {
        "display": "Rathore",
        "given": "Rathore"
      },
      "phones": [
        {
          "type": "mobile",
          "isPrimary": false,
          "number": "096-098-77796"
        },
        {
          "type": "mobile",
          "isPrimary": false,
          "number": "09609877796"
        }
      ]
    },
    {
      "contactId": "353",
      "name": {
        "display": "Aditya Yamini Residency",
        "given": "Aditya",
        "middle": "Yamini",
        "family": "Residency"
      },
      "phones": [
        {
          "type": "main",
          "isPrimary": false,
          "number": "+917207427346"
        },
        {
          "type": "main",
          "isPrimary": false,
          "number": "+917207427346"
        }
      ]
    },
    {
      "contactId": "475",
      "name": {
        "display": "Flat Owner Madhapur New Home",
        "given": "Flat Owner Madhapur",
        "middle": "New",
        "family": "Home"
      },
      "phones": [
        {
          "type": "main",
          "isPrimary": false,
          "number": "9246595141"
        },
        {
          "type": "main",
          "isPrimary": false,
          "number": "9246595141"
        }
      ]
    },
    {
      "contactId": "355",
      "name": {
        "display": "Deep",
        "given": "Deep"
      },
      "phones": [
        {
          "type": "mobile",
          "isPrimary": false,
          "number": "974-933-5814"
        },
        {
          "type": "custom",
          "label": "Mobile",
          "isPrimary": false,
          "number": "974-933-5814"
        },
        {
          "type": "mobile",
          "isPrimary": false,
          "number": "9749335814"
        }
      ]
    },
    {
      "contactId": "476",
      "name": {
        "display": "Uday Sir",
        "given": "Uday",
        "family": "Sir"
      },
      "phones": [
        {
          "type": "mobile",
          "isPrimary": false,
          "number": "098-356-13557"
        },
        {
          "type": "mobile",
          "isPrimary": false,
          "number": "09835613557"
        }
      ]
    },
    {
      "contactId": "477",
      "name": {
        "display": "Sandeep",
        "given": "Sandeep"
      },
      "organization": {
        "company": "Adp"
      },
      "phones": [
        {
          "type": "main",
          "isPrimary": false,
          "number": "09989930034"
        },
        {
          "type": "mobile",
          "isPrimary": false,
          "number": "730-619-4657"
        },
        {
          "type": "main",
          "isPrimary": false,
          "number": "+919246155474"
        },
        {
          "type": "mobile",
          "isPrimary": false,
          "number": "7306194657"
        },
        {
          "type": "main",
          "isPrimary": false,
          "number": "+919246155474"
        },
        {
          "type": "main",
          "isPrimary": false,
          "number": "09989930034"
        }
      ]
    },
    {
      "contactId": "356",
      "name": {
        "display": "Narsimha Chary",
        "given": "Narsimha",
        "family": "Chary"
      },
      "phones": [
        {
          "type": "mobile",
          "isPrimary": false,
          "number": "+919490017403"
        },
        {
          "type": "mobile",
          "isPrimary": false,
          "number": "+919490017403"
        }
      ]
    },
    {
      "contactId": "598",
      "name": {
        "display": "Pradeep Jonnala",
        "given": "Pradeep",
        "family": "Jonnala"
      },
      "phones": [
        {
          "type": "mobile",
          "isPrimary": false,
          "number": "99662 33416"
        },
        {
          "type": "mobile",
          "isPrimary": false,
          "number": "9966233416"
        }
      ]
    },
    {
      "contactId": "357",
      "name": {
        "display": "Printout Manukonda",
        "given": "Printout",
        "family": "Manukonda"
      },
      "phones": [
        {
          "type": "mobile",
          "isPrimary": false,
          "number": "93973 79981"
        },
        {
          "type": "mobile",
          "isPrimary": false,
          "number": "9397379981"
        }
      ]
    },
    {
      "contactId": "478",
      "name": {
        "display": "Jayant Jena",
        "given": "Jayant",
        "family": "Jena"
      },
      "phones": [
        {
          "type": "mobile",
          "isPrimary": false,
          "number": "+91 80800 66524"
        },
        {
          "type": "mobile",
          "isPrimary": false,
          "number": "+918080066524"
        }
      ]
    },
    {
      "contactId": "358",
      "name": {
        "display": "Sallen Parlor",
        "given": "Sallen",
        "family": "Parlor"
      },
      "phones": [
        {
          "type": "main",
          "isPrimary": false,
          "number": "7534024485"
        },
        {
          "type": "main",
          "isPrimary": false,
          "number": "7534024485"
        }
      ]
    },
    {
      "contactId": "116",
      "name": {
        "display": "Mouli Bank",
        "given": "Mouli Bank"
      },
      "phones": [
        {
          "type": "main",
          "isPrimary": false,
          "number": "9581177277"
        }
      ]
    },
    {
      "contactId": "479",
      "name": {
        "display": "Bhavya",
        "given": "Bhavya"
      },
      "organization": {
        "company": "Adp"
      },
      "phones": [
        {
          "type": "mobile",
          "isPrimary": false,
          "number": "+91 99120 83570"
        },
        {
          "type": "mobile",
          "isPrimary": false,
          "number": "+919912083570"
        }
      ]
    },
    {
      "contactId": "359",
      "name": {
        "display": "Punjabi Bhatti",
        "given": "Punjabi",
        "family": "Bhatti"
      },
      "phones": [
        {
          "type": "mobile",
          "isPrimary": false,
          "number": "096-760-23676"
        },
        {
          "type": "mobile",
          "isPrimary": false,
          "number": "09676023676"
        }
      ]
    },
    {
      "contactId": "239",
      "name": {
        "display": "Akash Dp Green",
        "given": "Akash Dp Green"
      },
      "phones": [
        {
          "type": "main",
          "isPrimary": false,
          "number": "+91 93818 47145"
        }
      ]
    },
    {
      "contactId": "119",
      "name": {
        "display": "FilmyGossip",
        "given": "FilmyGossip"
      },
      "phones": [
        {
          "type": "mobile",
          "isPrimary": false,
          "number": "53000"
        }
      ]
    },
    {
      "contactId": "12",
      "name": {
        "display": "Gajni",
        "given": "Gajni"
      },
      "phones": [
        {
          "type": "mobile",
          "isPrimary": false,
          "number": "081-018-09698"
        }
      ]
    },
    {
      "contactId": "13",
      "name": {
        "display": "Gurjervan Bhaiya",
        "given": "Gurjervan Bhaiya"
      },
      "phones": [
        {
          "type": "mobile",
          "isPrimary": false,
          "number": "080-540-18490"
        }
      ]
    },
    {
      "contactId": "16",
      "name": {
        "display": "Kfc Hyd",
        "given": "Kfc Hyd"
      },
      "phones": [
        {
          "type": "mobile",
          "isPrimary": false,
          "number": "040-403-64455"
        }
      ]
    },
    {
      "contactId": "18",
      "name": {
        "display": "Kiran Sir",
        "given": "Kiran Sir"
      },
      "phones": [
        {
          "type": "mobile",
          "isPrimary": false,
          "number": "099-487-35820"
        }
      ]
    },
    {
      "contactId": "480",
      "name": {
        "display": "Raghavendra Infi",
        "given": "Raghavendra",
        "family": "Infi"
      },
      "phones": [
        {
          "type": "main",
          "isPrimary": false,
          "number": "+917020408973"
        },
        {
          "type": "main",
          "isPrimary": false,
          "number": "+917020408973"
        }
      ]
    },
    {
      "contactId": "360",
      "name": {
        "display": "Snigdha Bihar",
        "given": "Snigdha",
        "family": "Bihar"
      },
      "phones": [
        {
          "type": "mobile",
          "isPrimary": false,
          "number": "096-207-32488"
        },
        {
          "type": "mobile",
          "isPrimary": false,
          "number": "09620732488"
        }
      ]
    },
    {
      "contactId": "481",
      "name": {
        "display": "Chiru ADP",
        "given": "Chiru",
        "family": "ADP"
      },
      "phones": [
        {
          "type": "mobile",
          "isPrimary": false,
          "number": "+919701425152"
        },
        {
          "type": "mobile",
          "isPrimary": false,
          "number": "+919701425152"
        }
      ]
    },
    {
      "contactId": "482",
      "name": {
        "display": "Sweety Mausi",
        "given": "Sweety",
        "family": "Mausi"
      },
      "phones": [
        {
          "type": "main",
          "isPrimary": false,
          "number": "+919999151034"
        },
        {
          "type": "main",
          "isPrimary": false,
          "number": "+919999151034"
        }
      ]
    },
    {
      "contactId": "483",
      "name": {
        "display": "Roshani",
        "given": "Roshani"
      },
      "phones": [
        {
          "type": "mobile",
          "isPrimary": false,
          "number": "+91 80990 34930"
        },
        {
          "type": "other",
          "isPrimary": false,
          "number": "+919966032416"
        },
        {
          "type": "mobile",
          "isPrimary": false,
          "number": "+918099034930"
        }
      ]
    },
    {
      "contactId": "362",
      "name": {
        "display": "Neelam",
        "given": "Neelam"
      },
      "phones": [
        {
          "type": "mobile",
          "isPrimary": false,
          "number": "+91 80075 99523"
        },
        {
          "type": "mobile",
          "isPrimary": false,
          "number": "+918007599523"
        }
      ]
    },
    {
      "contactId": "241",
      "name": {
        "display": "Raju Infi",
        "given": "Raju Infi"
      },
      "phones": [
        {
          "type": "mobile",
          "isPrimary": false,
          "number": "072073 09928"
        }
      ]
    },
    {
      "contactId": "484",
      "name": {
        "display": "Liza",
        "given": "Liza"
      },
      "phones": [
        {
          "type": "mobile",
          "isPrimary": false,
          "number": "998-562-2003"
        },
        {
          "type": "mobile",
          "isPrimary": false,
          "number": "+919985622003"
        },
        {
          "type": "mobile",
          "isPrimary": false,
          "number": "+91 99856 22003"
        },
        {
          "type": "mobile",
          "isPrimary": false,
          "number": "9985622003"
        }
      ]
    },
    {
      "contactId": "121",
      "name": {
        "display": "Reba Gard Melange Tower",
        "given": "Reba Gard Melange Tower"
      },
      "phones": [
        {
          "type": "main",
          "isPrimary": false,
          "number": "+918106433697"
        }
      ]
    },
    {
      "contactId": "242",
      "name": {
        "display": "Fahim Falt Owner",
        "given": "Fahim",
        "family": "Falt Owner"
      },
      "phones": [
        {
          "type": "mobile",
          "isPrimary": false,
          "number": "88869 02778"
        }
      ]
    },
    {
      "contactId": "363",
      "name": {
        "display": "Cook Madhapur 3",
        "given": "Cook",
        "middle": "Madhapur",
        "family": "3"
      },
      "phones": [
        {
          "type": "main",
          "isPrimary": false,
          "number": "9618926565"
        },
        {
          "type": "main",
          "isPrimary": false,
          "number": "9618926565"
        }
      ]
    },
    {
      "contactId": "1",
      "name": {
        "display": "Micromax care",
        "given": "Micromax care"
      },
      "phones": [
        {
          "type": "mobile",
          "isPrimary": false,
          "number": "011-447-70044"
        }
      ],
      "emails": [
        {
          "type": "work",
          "isPrimary": false,
          "address": "service.superfone@micromaxinfo.com"
        }
      ]
    },
    {
      "contactId": "364",
      "name": {
        "display": "Uday",
        "given": "Uday"
      },
      "phones": [
        {
          "type": "mobile",
          "isPrimary": false,
          "number": "+919292006485"
        },
        {
          "type": "mobile",
          "isPrimary": false,
          "number": "+919292006485"
        }
      ]
    },
    {
      "contactId": "243",
      "name": {
        "display": "Hdfc Helper",
        "given": "Hdfc Helper"
      },
      "phones": [
        {
          "type": "main",
          "isPrimary": false,
          "number": "+914067137516"
        }
      ]
    },
    {
      "contactId": "365",
      "name": {
        "display": "Nana Ji",
        "given": "Nana",
        "family": "Ji"
      },
      "phones": [
        {
          "type": "mobile",
          "isPrimary": false,
          "number": "094-305-60091"
        },
        {
          "type": "main",
          "isPrimary": false,
          "number": "+919430560091"
        },
        {
          "type": "mobile",
          "isPrimary": false,
          "number": "+919430560091"
        }
      ]
    },
    {
      "contactId": "125",
      "name": {
        "display": "Manikonda Act Fiber",
        "given": "Manikonda Act Fiber "
      },
      "phones": [
        {
          "type": "main",
          "isPrimary": false,
          "number": "+917995068718"
        }
      ]
    },
    {
      "contactId": "367",
      "name": {
        "display": "Megna Infi",
        "given": "Megna",
        "family": "Infi"
      },
      "phones": [
        {
          "type": "mobile",
          "isPrimary": false,
          "number": "78936 08220"
        },
        {
          "type": "mobile",
          "isPrimary": false,
          "number": "7893608220"
        }
      ]
    },
    {
      "contactId": "368",
      "name": {
        "display": "Rajendra Adp",
        "given": "Rajendra",
        "family": "Adp"
      },
      "phones": [
        {
          "type": "mobile",
          "isPrimary": false,
          "number": "98809 40362"
        },
        {
          "type": "mobile",
          "isPrimary": false,
          "number": "9880940362"
        }
      ]
    },
    {
      "contactId": "247",
      "name": {
        "display": "My Delights",
        "given": "My",
        "family": "Delights"
      },
      "phones": [
        {
          "type": "mobile",
          "isPrimary": false,
          "number": "*111*4#"
        }
      ]
    },
    {
      "contactId": "369",
      "name": {
        "display": "Karthik Infionic, HR",
        "given": "Karthik",
        "family": "Infionic",
        "suffix": "HR"
      },
      "phones": [
        {
          "type": "main",
          "isPrimary": false,
          "number": "+91 88868 47747"
        },
        {
          "type": "mobile",
          "isPrimary": false,
          "number": "+91 88868 47747"
        },
        {
          "type": "main",
          "isPrimary": false,
          "number": "+918886847747"
        }
      ]
    },
    {
      "contactId": "7",
      "name": {
        "display": "Nagarjuna",
        "given": "Nagarjuna"
      },
      "phones": [
        {
          "type": "mobile",
          "isPrimary": false,
          "number": "+919000536200"
        }
      ]
    },
    {
      "contactId": "804",
      "name": {
        "display": "Ratnadeepa",
        "given": "Ratnadeepa"
      },
      "phones": [
        {
          "type": "mobile",
          "isPrimary": false,
          "number": "+91 81060 90077"
        }
      ]
    }
  ]
}
